"entity","instrument","underlying","underlying_price","strike_price","conversion_factor","expiry","portfolio","instrument_type","call_put","currency","position","reporting_date","quantity","average_price","market_price","market_value","new_trade","upld","uplm","uply","rpld","rplm","rply","tpld","tplm","tply","dividends","delisted_date","hkats_code"
"HTIFS - EDD","941 HK 06/29/2016 C92.5 Equity","941 HK Equity","87.3000","92.50","500.0","29/6/2016","EDD Warrant Trading","Listed Equity Option","C","HKD","L","2016-06-13","80","0.6275","0.2790","11158.8631","-20307.2036","-13131.4441","-13941.1369","-13941.1369","0","-240.0000","-240.0000","-13131.4441","-14181.1369","-14181.1369","0","","CHT92.50F6@XHKF"
"HTIFS - EDD","XUM6 Index","XIN9I Index","0","0","1.0","29/6/2016","EDD Warrant Trading","Listed Index Future","","USD","S","2016-06-13","-12","9145.8333","9052.5000","1120.0000","0","3480.0000","5310.0000","1120.0000","0","0","-43.2000","3480.0000","5310.0000","1076.8000","0","","XUM6 Index"
"HTIFS - EDD","HIM6 Index","HSI Index","20512.9900","0","50.0","29/6/2016","EDD Warrant Trading","Listed Index Future","","HKD","S","2016-06-13","-8","20284.7500","20378.0000","160300.0000","84317.5600","-86100.0000","-91650.0000","-37300.0000","382442.7800","204736.2600","175613.5600","296342.7800","113086.2600","138313.5600","0","","HSIM6@XHKF"
"HTIFS - EDD","HSI 06/29/2016 P19600 Index","HSI Index","20512.9900","19600.00","50.0","29/6/2016","EDD Warrant Trading","Listed Index Option","P","HKD","L","2016-06-13","12","706.6667","157.3345","94400.7265","-392150.0337","57394.4553","-7822.9424","-329599.2735","0","0","-126.4800","57394.4553","-7822.9424","-329725.7535","0","","HSI19600R6@XHKF"
"HTIFS - EDD","HSI 06/29/2016 C19600 Index","HSI Index","20512.9900","19600.00","50.0","29/6/2016","EDD Warrant Trading","Listed Index Option","C","HKD","L","2016-06-13","12","403.8333","935.2512","561150.7287","336488.5663","-200565.0621","-65382.8264","318850.7287","0","0","-981.8800","-200565.0621","-65382.8264","317868.8487","0","","HSI19600F6@XHKF"
"HTIFS - EDD","5 HK 08/30/2016 C52.5 Equity","5 HK Equity","47.9000","52.50","400.0","30/8/2016","EDD Warrant Trading","Listed Equity Option","C","HKD","L","2016-06-13","490","1.5167","0.7492","146838.4320","-223321.8943","-70941.7268","-212295.5221","-150441.5680","0","0","-1470.0000","-70941.7268","-212295.5221","-151911.5680","0","","HKB52.50H6@XHKF"
"HTIFS - EDD","XPM6 Index","AS51 Index","0","0","25.0","16/6/2016","EDD Warrant Trading","Listed Index Future","","AUD","L","2016-06-13","0","0.0000","5259.0000","-1425.0000","0","0","0","0","0","0","-1431.0000","0","0","-1431.0000","0","","XPM6 Index"
"HTIFS - EDD","NQM6 Index","NDX Index","0","0","20.0","17/6/2016","EDD Warrant Trading","Listed Index Future","","USD","L","2016-06-13","0","0.0000","4463.5000","910.0000","0","0","0","0","0","0","905.6400","0","0","905.6400","0","","NQM6 Index"
"HTIFS - EDD","2318 HK 09/29/2016 C39.0 Equity","2318 HK Equity","34.1000","39.00","500.0","29/9/2016","EDD Warrant Trading","Listed Equity Option","C","HKD","L","2016-06-13","800","1.9800","0.6089","243561.6613","-714213.6712","-63148.1567","-69093.2113","-548438.3387","0","0","-3740.0000","-63148.1567","-69093.2113","-552178.3387","0","","PAI39.00I6@XHKF"
"HTIFS - EDD","2318 HK 06/29/2016 P37.0 Equity","2318 HK Equity","34.1000","37.00","500.0","29/6/2016","EDD Warrant Trading","Listed Equity Option","P","HKD","L","2016-06-13","100","1.8420","3.0055","150274.6972","53390.2131","38006.2522","17988.3845","58174.6972","0","0","-100.0000","38006.2522","17988.3845","58074.6972","0","","PAI37.00R6@XHKF"
"HTIFS - EDD","2318 HK 06/29/2016 C38.0 Equity","2318 HK Equity","34.1000","38.00","500.0","29/6/2016","EDD Warrant Trading","Listed Equity Option","C","HKD","L","2016-06-13","70","1.7829","0.0703","2459.1551","-62410.4692","-1273.9848","-5007.3349","-59940.8449","0","0","-70.0000","-1273.9848","-5007.3349","-60010.8449","0","","PAI38.00F6@XHKF"
"HTIFS - EDD","5 HK 06/29/2016 C52.5 Equity","5 HK Equity","47.9000","52.50","400.0","29/6/2016","EDD Warrant Trading","Listed Equity Option","C","HKD","L","2016-06-13","205","1.7073","0.2749","22539.0056","-139932.5442","-8250.2019","-54427.0210","-117460.9944","0","0","-615.0000","-8250.2019","-54427.0210","-118075.9944","0","","HKB52.50F6@XHKF"
"HTIFS - EDD","5 HK 09/29/2016 C52.5 Equity","5 HK Equity","47.9000","52.50","400.0","29/9/2016","EDD Warrant Trading","Listed Equity Option","C","HKD","L","2016-06-13","75","2.8533","1.0102","30306.8043","-67822.3706","-11485.9620","-33778.9191","-55293.1957","0","0","-225.0000","-11485.9620","-33778.9191","-55518.1957","0","","HKB52.50I6@XHKF"
"HTIFS - EDD","OTC 5 EC@52 30Aug16","5 HK Equity","47.9000","52.00","1.0","30/8/2016","EDD Warrant Trading","OTC Equity Option","C","HKD","L","2016-06-13","0","0.0000","0.8219","0","-969088.0000","0","0","0","0","0","-969088.0000","0","0","-969088.0000","0","","OTC 5 EC@52 30Aug16"
"HTIFS - EDD","388 HK 06/29/2016 P180.0 Equity","388 HK Equity","183.4000","180.00","100.0","29/6/2016","EDD Warrant Trading","Listed Equity Option","P","HKD","L","2016-06-13","520","10.6502","3.1124","161845.1520","-473924.4398","74644.1450","7937.7359","-391964.8480","0","0","-520.0000","74644.1450","7937.7359","-392484.8480","0","","HEX180.00R6@XHKF"
"HTIFS - EDD","388 HK 06/29/2016 C180.0 Equity","388 HK Equity","183.4000","180.00","100.0","29/6/2016","EDD Warrant Trading","Listed Equity Option","C","HKD","L","2016-06-13","136","13.0609","6.5333","88853.4904","-110494.6945","-28092.4499","-33514.6302","-88774.5096","0","0","-136.0000","-28092.4499","-33514.6302","-88910.5096","0","","HEX180.00F6@XHKF"
"HTIFS - EDD","941 HK 06/29/2016 P80.0 Equity","941 HK Equity","87.3000","80.00","500.0","29/6/2016","EDD Warrant Trading","Listed Equity Option","P","HKD","S","2016-06-13","-1","2.3600","0.1813","-90.6308","1167.5660","-40.1919","59.5559","1089.3692","0","0","-3.0000","-40.1919","59.5559","1086.3692","0","","CHT80.00R6@XHKF"
"HTIFS - EDD","941 HK 06/29/2016 C95.0 Equity","941 HK Equity","87.3000","95.00","500.0","29/6/2016","EDD Warrant Trading","Listed Equity Option","C","HKD","L","2016-06-13","59","0.2900","0.0944","2785.8148","-7768.4243","-4654.5862","-6026.8633","-5769.1852","0","55.0000","52.0000","-4654.5862","-5971.8633","-5717.1852","0","","CHT95.00F6@XHKF"
"HTIFS - EDD","1038 HK Equity","1038 HK Equity","74.4500","0","0","","EDD HFT 4","Equity","","HKD","L","2016-06-13","0","0.0000","74.4500","0","7570.6300","0","0","0","0","0","7570.6300","0","0","7570.6300","0","","1038@XHKG"
"HTIFS - EDD","2318 HK Equity","2318 HK Equity","34.1000","0","0","","EDD HFT 4","Equity","","HKD","L","2016-06-13","0","0.0000","34.1000","0","-4536.1100","0","0","0","0","0","-4536.1100","0","0","-4536.1100","0","","2318@XHKG"
"HTIFS - EDD","25894 HK Equity","388 HK Equity","183.4000","178.08","0.01","30/9/2016","EDD HFT 2","Listed Warrant","C","HKD","L","2016-06-13","0","0.0000","0.2280","0","-0.5300","0","0","0","0","0","-0.5300","0","0","-0.5300","0","","25894@XHKG"
"HTIFS - EDD","25983 HK Equity","2318 HK Equity","34.1000","36.88","0.1","1/8/2016","EDD HFT 2","Listed Warrant","C","HKD","L","2016-06-13","0","0.0000","0.2950","0","9.6400","0","0","0","0","0","9.6400","0","0","9.6400","0","","25983@XHKG"
"HTIFS - EDD","3188 HK Equity","3188 HK Equity","36.4000","0","0","","EDD Hedging","ETF","","HKD","S","2016-06-13","-50000","36.8600","36.4000","-1820000.0000","-164346.6400","60000.0000","267500.0000","23000.0000","0","-187346.6400","-187346.6400","60000.0000","80153.3600","-164346.6400","0","","3188@XHKG"
"HTIFS - EDD","HIM6 Index","HSI Index","20512.9900","0","50.0","29/6/2016","EDD Hedging","Listed Index Future","","HKD","S","2016-06-13","-22","20946.6364","20378.0000","-1012800.0000","-1166703.7200","473000.0000","319050.0000","625500.0000","0","-583395.1400","-1643714.7200","473000.0000","-264345.1400","-1018214.7200","0","","HSIM6@XHKF"
"HTIFS - EDD","388 HK Equity","388 HK Equity","183.4000","0","0","","EDD Hedging","Equity","","HKD","S","2016-06-13","-3600","179.4722","183.4000","-660240.0000","-14837.7500","12600.0000","9360.0000","-14140.0000","0","0","-697.7500","12600.0000","9360.0000","-14837.7500","0","","388@XHKG"
"HTIFS - EDD","3135 HK Equity","3135 HK Equity","46.5500","0","0","","EDD Hedging","Equity","","HKD","L","2016-06-13","200","46.2500","46.5500","9310.0000","-12228.8600","370.0000","160.0000","60.0000","-2198.5900","-3780.6200","-12288.8600","-1828.5900","-3620.6200","-12228.8600","0","","3135@XHKG"
"HTIFS - EDD","17 HK Equity","17 HK Equity","7.3900","0","0","","EDD Hedging","Equity","","HKD","S","2016-06-13","-25000","7.8800","7.3900","-184750.0000","12037.8300","3750.0000","-1250.0000","12250.0000","0","0","-212.1700","3750.0000","-1250.0000","12037.8300","0","","17@XHKG"
"HTIFS - EDD","5 HK Equity","5 HK Equity","47.9000","0","0","","EDD Hedging","Equity","","HKD","L","2016-06-13","0","0.0000","47.9000","37.2634","316789.4934","0","0","0","0.0077","-0.0226","316789.4934","0.0077","-0.0226","316789.4934","37.2634","","5@XHKG"
"HTIFS - EDD","151 HK Equity","151 HK Equity","5.3000","0","0","","EDD Flow Strategy 1","Equity","","HKD","L","2016-06-13","200000","5.6650","5.3000","1060000.0000","-74234.2100","-38000.0000","-73000.0000","-73000.0000","0","-1234.2100","-1234.2100","-38000.0000","-74234.2100","-74234.2100","0","","151@XHKG"
"HTIFS - EDD","2328 HK Equity","2328 HK Equity","13.7200","0","0","","EDD Flow Strategy 1","Equity","","HKD","L","2016-06-13","0","0.0000","13.7200","0","-108197.8400","0","0","0","0","-108197.8400","-108197.8400","0","-108197.8400","-108197.8400","0","","2328@XHKG"
"HTIFS - EDD","HSI 06/29/2016 C21000 Index","HSI Index","20512.9900","21000.00","50.0","29/6/2016","EDD Flow Strategy 1","Listed Index Option","C","HKD","L","2016-06-13","8","168.8750","127.5839","51033.5472","78154.9144","-70820.6131","-16516.4528","-16516.4528","87031.3600","86947.0400","86947.0400","16210.7469","70430.5872","70430.5872","0","","HSI21000F6@XHKF"
"HTIFS - EDD","HSI 06/29/2016 P21000 Index","HSI Index","20512.9900","21000.00","50.0","29/6/2016","EDD Flow Strategy 1","Listed Index Option","P","HKD","S","2016-06-13","-8","351.8750","749.5172","-299806.8989","-112895.8090","-122520.6465","-159056.8989","-159056.8989","0","-84.3200","-84.3200","-122520.6465","-159141.2189","-159141.2189","0","","HSI21000R6@XHKF"
"HTIFS - EDD","3311 HK Equity","3311 HK Equity","10.0800","0","0","","EDD Flow Strategy 1","Equity","","HKD","L","2016-06-13","0","0.0000","10.0800","0","2110.7600","0","0","0","0","2110.7600","2110.7600","0","2110.7600","2110.7600","0","","3311@XHKG"
"HTIFS - EDD","1053 HK Equity","1053 HK Equity","1.6900","0","0","","EDD Flow Strategy 1","Equity","","HKD","L","2016-06-13","0","0.0000","1.6900","0","5371.1600","0","0","0","0","5371.1600","5371.1600","0","5371.1600","5371.1600","0","","1053@XHKG"
"HTIFS - EDD","1880 HK Equity","1880 HK Equity","4.2000","0","0","","EDD Flow Strategy 1","Equity","","HKD","L","2016-06-13","0","0.0000","4.2000","0","-27971.7300","0","0","0","0","-27971.7300","-27971.7300","0","-27971.7300","-27971.7300","0","","1880@XHKG"
"HTIFS - EDD","1108 HK Equity","1108 HK Equity","4.1200","0","0","","EDD Flow Strategy 1","Equity","","HKD","L","2016-06-13","0","0.0000","4.1200","0","104.2100","0","0","0","0","104.2100","104.2100","0","104.2100","104.2100","0","","1108@XHKG"
"HTIFS - EDD","2727 HK Equity","2727 HK Equity","3.1400","0","0","","EDD Flow Strategy 1","Equity","","HKD","L","2016-06-13","0","0.0000","3.1400","0","-4439.6400","0","0","0","0","-4439.6400","-4439.6400","0","-4439.6400","-4439.6400","0","","2727@XHKG"
"HTIFS - EDD","347 HK Equity","347 HK Equity","3.2100","0","0","","EDD Flow Strategy 1","Equity","","HKD","L","2016-06-13","1100000","3.3580","3.2100","3531000.0000","-166793.4700","-80300.0000","-162780.0000","-162780.0000","-881.7700","-4013.4700","-4013.4700","-81181.7700","-166793.4700","-166793.4700","0","","347@XHKG"
"HTIFS - EDD","386 HK Equity","386 HK Equity","5.3800","0","0","","EDD Flow Strategy 1","Equity","","HKD","L","2016-06-13","0","0.0000","5.3800","0","7341.0500","0","0","0","0","7341.0500","7341.0500","0","7341.0500","7341.0500","0","","386@XHKG"
"HTIFS - EDD","1988 HK Equity","1988 HK Equity","7.0400","0","0","","EDD Flow Strategy 1","Equity","","HKD","L","2016-06-13","0","0.0000","7.0400","96567.2895","7163.3695","0","0","0","0","7163.3695","7163.3695","0","7163.3695","7163.3695","96567.2895","","1988@XHKG"
"HTIFS - EDD","2 HK Equity","2 HK Equity","75.1500","0","0","","EDD Flow Strategy 1","Equity","","HKD","S","2016-06-13","-30000","74.1500","75.1500","-2254500.0000","-27104.9500","43500.0000","-35000.0000","-30000.0000","0","5272.7800","2895.0500","43500.0000","-29727.2200","-27104.9500","-17100.0000","","2@XHKG"
"HTIFS - EDD","1530 HK Equity","1530 HK Equity","7.7900","0","0","","EDD Flow Strategy 1","Equity","","HKD","L","2016-06-13","0","0.0000","7.7900","0","-23349.7500","0","0","0","0","-41787.7400","-23349.7500","0","-41787.7400","-23349.7500","0","","1530@XHKG"
"HTIFS - EDD","XUM6 Index","XIN9I Index","0","0","1.0","29/6/2016","EDD Flow Strategy 1","Listed Index Future","","USD","L","2016-06-13","0","0.0000","9052.5000","350.0000","0","0","2400.0000","0","0","80.0000","26.0000","0","2480.0000","26.0000","0","","XUM6 Index"
"HTIFS - EDD","HSI 06/29/2016 P20200 Index","HSI Index","20512.9900","20200.00","50.0","29/6/2016","EDD Flow Strategy 1","Listed Index Option","P","HKD","S","2016-06-13","-5","398.0000","313.9706","-78492.6424","50413.1014","-41631.6499","1212.8222","21007.3576","0","0","-52.7000","-41631.6499","1212.8222","20954.6576","0","","HSI20200R6@XHKF"
"HTIFS - EDD","3898 HK Equity","3898 HK Equity","41.8500","0","0","","EDD Flow Strategy 1","Equity","","HKD","L","2016-06-13","0","0.0000","41.8500","0","-17442.9100","0","0","0","0","0","-17442.9100","0","0","-17442.9100","0","","3898@XHKG"
"HTIFS - EDD","HIM6 Index","HSI Index","20512.9900","0","50.0","29/6/2016","EDD Flow Strategy 1","Listed Index Future","","HKD","S","2016-06-13","-2","20322.5000","20378.0000","137250.0000","122422.9600","34050.0000","20100.0000","-5550.0000","-119226.4800","-64904.0000","141471.9600","-85176.4800","-44804.0000","135921.9600","0","","HSIM6@XHKF"
"HTIFS - EDD","HCM6 Index","HSCEI Index","8619.9200","0","50.0","29/6/2016","EDD Flow Strategy 1","Listed Index Future","","HKD","L","2016-06-13","23","8417.2609","8396.0000","128800.0000","385431.3200","-6450.0000","-48250.0000","-24450.0000","-80.8000","20901.0800","152373.3200","-6530.8000","-27348.9200","127923.3200","0","","HHIM6@XHKF"
"HTIFS - EDD","HSCEI 06/29/2016 P8200 Index","HSCEI Index","8619.9200","8200.00","50.0","29/6/2016","EDD Flow Strategy 1","Listed Index Option","P","HKD","L","2016-06-13","25","216.8000","129.2351","161543.9100","-248716.6071","78759.6490","-7877.6043","-109456.0900","0","0","-101.0000","78759.6490","-7877.6043","-109557.0900","0","","HHI8200R6@XHKF"
"HTIFS - EDD","HSCEI 06/29/2016 C9000 Index","HSCEI Index","8619.9200","9000.00","50.0","29/6/2016","EDD Flow Strategy 1","Listed Index Option","C","HKD","L","2016-06-13","0","0.0000","37.7340","0","149646.0000","0","-31710.9056","0","0","149848.0000","149646.0000","0","118137.0944","149646.0000","0","","HHI9000F6@XHKF"
"HTIFS - EDD","1398 HK Equity","1398 HK Equity","4.1100","0","0","","EDD Flow Strategy 1","Equity","","HKD","L","2016-06-13","0","0.0000","4.1100","0","135273.1300","0","0","0","0","0","135273.1300","0","0","135273.1300","0","","1398@XHKG"
"HTIFS - EDD","1186 HK Equity","1186 HK Equity","9.0700","0","0","","EDD Flow Strategy 1","Equity","","HKD","L","2016-06-13","0","0.0000","9.0700","0","114092.6600","0","-26580.0000","0","0","119086.0100","114092.6600","0","92506.0100","114092.6600","0","","1186@XHKG"
"HTIFS - EDD","2318 HK 06/29/2016 C33.0 Equity","2318 HK Equity","34.1000","33.00","500.0","29/6/2016","EDD Flow Strategy 1","Listed Equity Option","C","HKD","L","2016-06-13","0","0.0000","1.5039","0","55995.0000","0","-59369.8863","0","0","56095.0000","55995.0000","0","-3274.8863","55995.0000","0","","PAI33.00F6@XHKF"
"HTIFS - EDD","2318 HK 06/29/2016 C35.0 Equity","2318 HK Equity","34.1000","35.00","500.0","29/6/2016","EDD Flow Strategy 1","Listed Equity Option","C","HKD","L","2016-06-13","0","0.0000","0.4280","0","-60150.0000","0","64774.1906","0","0","-59950.0000","-60150.0000","0","4824.1906","-60150.0000","0","","PAI35.00F6@XHKF"
"HTIFS - EDD","916 HK Equity","916 HK Equity","5.8300","0","0","","EDD Flow Strategy 1","Equity","","HKD","L","2016-06-13","0","0.0000","5.8300","0","-311.9100","0","0","0","0","0","-311.9100","0","0","-311.9100","0","","916@XHKG"
"HTIFS - EDD","598 HK Equity","598 HK Equity","3.2700","0","0","","EDD Flow Strategy 1","Equity","","HKD","L","2016-06-13","0","0.0000","3.2700","0","-34364.0800","0","0","0","0","0","-34364.0800","0","0","-34364.0800","0","","598@XHKG"
"HTIFS - EDD","HSI 06/29/2016 C20000 Index","HSI Index","20512.9900","20000.00","50.0","29/6/2016","EDD Flow Strategy 1","Listed Index Option","C","HKD","S","2016-06-13","-8","343.8750","628.1520","-251260.8019","-120943.3915","115906.2239","41746.8398","-113710.8019","0","0","-84.3200","115906.2239","41746.8398","-113795.1219","0","","HSI20000F6@XHKF"
"HTIFS - EDD","6837 HK Equity","6837 HK Equity","12.4400","0","0","","EDD Flow Strategy 1","Equity","","HKD","L","2016-06-13","0","0.0000","12.4400","0","33014.0500","0","-27200.0000","0","0","52315.6900","33014.0500","0","25115.6900","33014.0500","0","","6837@XHKG"
"HTIFS - EDD","HSI 06/29/2016 C19600 Index","HSI Index","20512.9900","19600.00","50.0","29/6/2016","EDD Flow Strategy 1","Listed Index Option","C","HKD","L","2016-06-13","0","0.0000","935.2512","0","95791.6400","0","0","0","0","0","95791.6400","0","0","95791.6400","0","","HSI19600F6@XHKF"
"HTIFS - EDD","494 HK Equity","494 HK Equity","3.7600","0","0","","EDD Flow Strategy 1","Equity","","HKD","L","2016-06-13","0","0.0000","3.7600","0","-39858.0300","0","0","0","0","0","-39858.0300","0","0","-39858.0300","0","","494@XHKG"
"HTIFS - EDD","2228 HK Equity","2228 HK Equity","0.6000","0","0","","EDD Flow Strategy 1","Equity","","HKD","L","2016-06-13","0","0.0000","0.6000","0","-30930.3300","0","0","0","0","0","-30930.3300","0","0","-30930.3300","0","","2228@XHKG"
"HTIFS - EDD","1157 HK Equity","1157 HK Equity","2.3800","0","0","","EDD Flow Strategy 1","Equity","","HKD","L","2016-06-13","550600","2.5622","2.3800","1310428.0000","-129177.6300","-71578.0000","-100314.0000","-100314.0000","0","-1547.7300","-28863.6300","-71578.0000","-101861.7300","-129177.6300","0","","1157@XHKG"
"HTIFS - EDD","1766 HK Equity","1766 HK Equity","6.9800","0","0","","EDD Flow Strategy 1","Equity","","HKD","L","2016-06-13","0","0.0000","6.9800","0","-7786.0300","0","0","0","0","0","-7786.0300","0","0","-7786.0300","0","","1766@XHKG"
"HTIFS - EDD","2333 HK Equity","2333 HK Equity","6.1700","0","0","","EDD Flow Strategy 1","Equity","","HKD","L","2016-06-13","0","0.0000","6.1700","0","-42025.1900","0","0","0","0","0","-42025.1900","0","0","-42025.1900","0","","2333@XHKG"
"HTIFS - EDD","883 HK Equity","883 HK Equity","9.3900","0","0","","EDD Flow Strategy 1","Equity","","HKD","S","2016-06-13","-302000","9.5977","9.3900","-2835780.0000","437403.1300","32600.0000","62740.0000","62740.0000","-1315.8400","-1491.4800","374663.1300","31284.1600","61248.5200","437403.1300","0","","883@XHKG"
"HTIFS - EDD","762 HK Equity","762 HK Equity","8.2500","0","0","","EDD Flow Strategy 1","Equity","","HKD","L","2016-06-13","706000","8.3588","8.2500","5824500.0000","-290263.0200","-254160.0000","-98840.0000","-76800.0000","0","0","-213463.0200","-254160.0000","-98840.0000","-290263.0200","0","","762@XHKG"
"HTIFS - EDD","857 HK Equity","857 HK Equity","5.4100","0","0","","EDD Flow Strategy 1","Equity","","HKD","L","2016-06-13","512000","5.5891","5.4100","2776929.2000","-351508.4300","-75280.0000","-91700.0000","-91700.0000","-1310.5700","-250.2200","-259808.4300","-76590.5700","-91950.2200","-351508.4300","7009.2000","","857@XHKG"
"HTIFS - EDD","902 HK Equity","902 HK Equity","5.1300","0","0","","EDD Flow Strategy 1","Equity","","HKD","L","2016-06-13","0","0.0000","5.1300","0","-9258.9400","0","0","0","0","0","-9258.9400","0","0","-9258.9400","0","","902@XHKG"
"HTIFS - EDD","1 HK Equity","1 HK Equity","89.8500","0","0","","EDD Flow Strategy 1","Equity","","HKD","L","2016-06-13","0","0.0000","89.8500","0","54841.5600","0","0","0","0","801.0300","54841.5600","0","801.0300","54841.5600","0","","1@XHKG"
"HTIFS - EDD","5 HK 07/28/2016 C55.0 Equity","5 HK Equity","47.9000","55.00","400.0","28/7/2016","EDD Flow Strategy 1","Listed Equity Option","C","HKD","L","2016-06-13","0","0.0000","0.2682","0","-16560.0000","0","0","0","0","0","-16560.0000","0","0","-16560.0000","0","","HKB55.00G6@XHKF"
"HTIFS - EDD","27 HK Equity","27 HK Equity","24.0000","0","0","","EDD Flow Strategy 1","Equity","","HKD","L","2016-06-13","0","0.0000","24.0000","0","83160.4100","0","0","0","0","0","83160.4100","0","0","83160.4100","0","","27@XHKG"
"HTIFS - EDD","686 HK Equity","686 HK Equity","0.5900","0","0","","EDD Flow Strategy 1","Equity","","HKD","L","2016-06-13","0","0.0000","0.5900","0","-41004.8700","0","0","0","0","0","-41004.8700","0","0","-41004.8700","0","","686@XHKG"
"HTIFS - EDD","5 HK Equity","5 HK Equity","47.9000","0","0","","EDD Flow Strategy 1","Equity","","HKD","L","2016-06-13","0","0.0000","47.9000","0","-382674.0100","0","0","0","0","0","-382674.0100","0","0","-382674.0100","0","","5@XHKG"
"HTIFS - EDD","OTC 5 EC@52 30Aug16","5 HK Equity","47.9000","52.00","1.0","30/8/2016","EDD Flow Strategy 1","OTC Equity Option","C","HKD","L","2016-06-13","0","0.0000","0.8219","0","969088.0000","0","0","0","0","0","969088.0000","0","0","969088.0000","0","","OTC 5 EC@52 30Aug16"
"HTIFS - EDD","HSI 06/29/2016 P20000 Index","HSI Index","20512.9900","20000.00","50.0","29/6/2016","EDD Flow Strategy 1","Listed Index Option","P","HKD","L","2016-06-13","8","365.0000","250.1925","100076.9966","-92871.2485","56069.6241","-3363.2264","-45923.0034","0","0","-84.3200","56069.6241","-3363.2264","-46007.3234","0","","HSI20000R6@XHKF"
"HTIFS - EDD","NQM6 Index","NDX Index","0","0","20.0","17/6/2016","EDD Flow Strategy 1","Listed Index Future","","USD","L","2016-06-13","0","0.0000","4463.5000","9350.0000","0","0","0","0","0","0","9284.6000","0","0","9284.6000","0","","NQM6 Index"
"HTIFS - EDD","763 HK Equity","763 HK Equity","9.6400","0","0","","EDD Flow Strategy 1","Equity","","HKD","L","2016-06-13","0","0.0000","9.6400","0","-21776.4600","0","0","0","0","0","-21776.4600","0","0","-21776.4600","0","","763@XHKG"
"HTIFS - EDD","1363 HK Equity","1363 HK Equity","2.0800","0","0","","EDD Flow Strategy 1","Equity","","HKD","L","2016-06-13","0","0.0000","2.0800","0","-13756.4400","0","0","0","0","0","-13756.4400","0","0","-13756.4400","0","","1363@XHKG"
"HTIFS - EDD","1816 HK Equity","1816 HK Equity","2.1500","0","0","","EDD Flow Strategy 1","Equity","","HKD","L","2016-06-13","0","0.0000","2.1500","0","35171.9500","0","0","0","0","0","35171.9500","0","0","35171.9500","0","","1816@XHKG"
"HTIFS - EDD","552 HK Equity","552 HK Equity","3.6800","0","0","","EDD Flow Strategy 1","Equity","","HKD","L","2016-06-13","0","0.0000","3.6800","0","35364.0700","0","0","0","0","0","35364.0700","0","0","35364.0700","0","","552@XHKG"
"HTIFS - EDD","991 HK Equity","991 HK Equity","2.3300","0","0","","EDD Flow Strategy 1","Equity","","HKD","L","2016-06-13","0","0.0000","2.3300","0","21565.7700","0","0","0","0","0","21565.7700","0","0","21565.7700","0","","991@XHKG"
"HTIFS - EDD","VGM6 Index","SX5E Index","0","0","10.0","17/6/2016","EDD Flow Strategy 1","Listed Index Future","","EUR","L","2016-06-13","0","0.0000","2871.0000","5200.0000","0","0","0","0","0","1419.2000","5033.6000","0","1419.2000","5033.6000","0","","VGM6 Index"
"HTIFS - EDD","3699 HK Equity","3699 HK Equity","47.4500","0","0","","EDD Flow Strategy 1","Equity","","HKD","L","2016-06-13","0","0.0000","47.4500","0","-19711.5500","0","0","0","0","0","-19711.5500","0","0","-19711.5500","0","","3699@XHKG"
"HTIFS - EDD","2009 HK Equity","2009 HK Equity","2.3500","0","0","","EDD Flow Strategy 1","Equity","","HKD","L","2016-06-13","0","0.0000","2.3500","0","90568.5600","0","0","0","0","0","90568.5600","0","0","90568.5600","0","","2009@XHKG"
"HTIFS - EDD","434 HK Equity","434 HK Equity","2.5700","0","0","","EDD Flow Strategy 1","Equity","","HKD","L","2016-06-13","0","0.0000","2.5700","0","14686.1500","0","0","0","0","0","14686.1500","0","0","14686.1500","0","","434@XHKG"
"HTIFS - EDD","914 HK Equity","914 HK Equity","17.9800","0","0","","EDD Flow Strategy 1","Equity","","HKD","L","2016-06-13","0","0.0000","17.9800","0","27576.0200","0","0","0","0","0","27576.0200","0","0","27576.0200","0","","914@XHKG"
"HTIFS - EDD","506 HK Equity","506 HK Equity","3.0900","0","0","","EDD Flow Strategy 1","Equity","","HKD","L","2016-06-13","0","0.0000","3.0900","0","6599.8000","0","0","0","0","0","6599.8000","0","0","6599.8000","0","","506@XHKG"
"HTIFS - EDD","658 HK Equity","658 HK Equity","5.5300","0","0","","EDD Flow Strategy 1","Equity","","HKD","L","2016-06-13","0","0.0000","5.5300","0","44223.2000","0","0","0","0","0","44223.2000","0","0","44223.2000","0","","658@XHKG"
"HTIFS - EDD","ESM6 Index","SPX Index","0","0","50.0","17/6/2016","EDD Flow Strategy 1","Listed Index Future","","USD","L","2016-06-13","0","0.0000","2090.2500","-13300.0000","0","0","0","0","0","420.0600","-13500.5600","0","420.0600","-13500.5600","0","","ESM6 Index"
"HTIFS - EDD","XPM6 Index","AS51 Index","0","0","25.0","16/6/2016","EDD Flow Strategy 1","Listed Index Future","","AUD","L","2016-06-13","0","0.0000","5259.0000","3800.0000","0","0","0","0","0","2390.0000","3188.0000","0","2390.0000","3188.0000","0","","XPM6 Index"
"HTIFS - EDD","941 HK Equity","941 HK Equity","87.3000","0","0","","EDD Flow Strategy 1","Equity","","HKD","S","2016-06-13","-68000","86.6868","87.3000","-6009595.2000","179570.6200","119000.0000","94600.0000","-41700.0000","0","-73584.9700","221270.6200","119000.0000","21015.0300","179570.6200","-73195.2000","","941@XHKG"
"HTIFS - EDD","390 HK Equity","390 HK Equity","5.5800","0","0","","EDD Flow Strategy 1","Equity","","HKD","L","2016-06-13","0","0.0000","5.5800","0","58723.9800","0","0","0","0","0","58723.9800","0","0","58723.9800","0","","390@XHKG"
"HTIFS - EDD","2318 HK Equity","2318 HK Equity","34.1000","0","0","","EDD Flow Strategy 1","Equity","","HKD","L","2016-06-13","0","0.0000","34.1000","0","-13861.0200","0","-53500.0000","0","0","62843.0500","-13861.0200","0","9343.0500","-13861.0200","0","","2318@XHKG"
"HTIFS - EDD","1919 HK Equity","1919 HK Equity","3.1900","0","0","","EDD Flow Strategy 1","Equity","","HKD","L","2016-06-13","0","0.0000","3.1900","0","-157.5500","0","0","0","0","0","-157.5500","0","0","-157.5500","0","","1919@XHKG"
"HTIFS - EDD","700 HK Equity","700 HK Equity","169.5000","0","0","","EDD Flow Strategy 1","Equity","","HKD","L","2016-06-13","0","0.0000","169.5000","0","-88942.4000","0","0","0","0","0","-88942.4000","0","0","-88942.4000","0","","700@XHKG"
"HTIFS - EDD","2343 HK Equity","2343 HK Equity","1.1400","0","0","","EDD Flow Strategy 1","Equity","","HKD","L","2016-06-13","0","0.0000","1.1400","0","-51920.2700","0","0","0","0","0","-51920.2700","0","0","-51920.2700","0","","2343@XHKG"
"HTISEC - EDD","28780 HK Equity","6030 HK Equity","16.7800","19.82","0.1","28/11/2016","EDD Warrant Trading","Listed Warrant","C","HKD","L","2016-06-13","0","0.0000","0.0571","0","-2.4000","0","0","0","0","-2.4000","-2.4000","0","-2.4000","-2.4000","0","","28780@XHKG"
"HTISEC - EDD","28688 HK Equity","1398 HK Equity","4.1100","4.51","1.0","27/7/2017","EDD Warrant Trading","Listed Warrant","C","HKD","S","2016-06-13","-100000","0.1690","0.0726","-7256.5656","2262.8224","-3972.1079","9643.4344","9643.4344","4894.8000","5082.6400","5082.6400","922.6921","14726.0744","14726.0744","0","","28688@XHKG"
"HTISEC - EDD","28569 HK Equity","700 HK Equity","169.5000","193.88","0.01","29/9/2017","EDD Warrant Trading","Listed Warrant","C","HKD","S","2016-06-13","-60000","0.1850","0.1016","-6096.4609","24619.4396","-7289.1921","5003.5391","5003.5391","10341.9000","17739.5500","17739.5500","3052.7079","22743.0891","22743.0891","0","","28569@XHKG"
"HTISEC - EDD","494 HK Equity","494 HK Equity","3.7600","0","0","","EDD Warrant Trading","Equity","","HKD","L","2016-06-13","104000","3.8242","3.7600","391040.0000","-6238.3100","-6680.0000","-6680.0000","-6680.0000","-357.2100","441.6900","441.6900","-7037.2100","-6238.3100","-6238.3100","0","","494@XHKG"
"HTISEC - EDD","992 HK Equity","992 HK Equity","4.9000","0","0","","EDD Warrant Trading","Equity","","HKD","L","2016-06-13","64000","4.8953","4.9000","313600.0000","-4557.2300","600.0000","300.0000","300.0000","-179.8300","-4857.2300","-4857.2300","420.1700","-4557.2300","-4557.2300","0","","992@XHKG"
"HTISEC - EDD","28402 HK Equity","992 HK Equity","4.9000","6.18","1.0","28/12/2016","EDD Warrant Trading","Listed Warrant","C","HKD","S","2016-06-13","-220000","0.2343","0.1008","-22185.6666","52538.7594","15289.2301","29364.3334","29364.3334","-1300.7800","5331.5300","5318.2500","13988.4501","34695.8634","34682.5834","0","","28402@XHKG"
"HTISEC - EDD","3888 HK Equity","3888 HK Equity","14.4400","0","0","","EDD Warrant Trading","Equity","","HKD","L","2016-06-13","0","0.0000","14.4400","0","-15869.2600","0","0","0","0","-1307.4800","-15869.2600","0","-1307.4800","-15869.2600","0","","3888@XHKG"
"HTISEC - EDD","28406 HK Equity","2628 HK Equity","16.6000","16.68","0.1","8/11/2016","EDD Warrant Trading","Listed Warrant","C","HKD","L","2016-06-13","0","0.0000","0.1178","0","1361.1600","0","0","0","9.4400","-1042.0200","1361.1600","9.4400","-1042.0200","1361.1600","0","","28406@XHKG"
"HTISEC - EDD","28408 HK Equity","3888 HK Equity","14.4400","16.28","0.1","28/12/2016","EDD Warrant Trading","Listed Warrant","C","HKD","L","2016-06-13","0","0.0000","0.1419","0","2866.5900","0","0","0","0","815.4300","2866.5900","0","815.4300","2866.5900","0","","28408@XHKG"
"HTISEC - EDD","28184 HK Equity","728 HK Equity","0.0000","4.38","1.0","28/11/2016","EDD Warrant Trading","Listed Warrant","C","HKD","L","2016-06-13","0","0.0000","0.1853","0","143.2200","0","0","0","0","148.2800","143.2200","0","148.2800","143.2200","0","","28184@XHKG"
"HTISEC - EDD","1766 HK Equity","1766 HK Equity","6.9800","0","0","","EDD Warrant Trading","Equity","","HKD","L","2016-06-13","0","0.0000","6.9800","0","-75.8400","0","0","0","0","0","-75.8400","0","0","-75.8400","0","","1766@XHKG"
"HTISEC - EDD","28186 HK Equity","1766 HK Equity","6.9800","8.19","0.1","29/6/2017","EDD Warrant Trading","Listed Warrant","C","HKD","L","2016-06-13","0","0.0000","0.0921","0","-1245.9900","0","0","0","0","106.4300","-1245.9900","0","106.4300","-1245.9900","0","","28186@XHKG"
"HTISEC - EDD","28189 HK Equity","1898 HK Equity","0.0000","3.78","1.0","28/11/2016","EDD Warrant Trading","Listed Warrant","C","HKD","L","2016-06-13","0","0.0000","0.2949","0","-844.2500","0","0","0","0","-1.3600","-844.2500","0","-1.3600","-844.2500","0","","28189@XHKG"
"HTISEC - EDD","1186 HK Equity","1186 HK Equity","9.0700","0","0","","EDD Warrant Trading","Equity","","HKD","L","2016-06-13","0","0.0000","9.0700","0","-3721.9800","150.0000","-1150.0000","0","-2049.5000","-2049.5000","-3721.9800","-1899.5000","-3199.5000","-3721.9800","0","","1186@XHKG"
"HTISEC - EDD","28191 HK Equity","1186 HK Equity","9.0700","10.88","0.1","28/6/2017","EDD Warrant Trading","Listed Warrant","C","HKD","L","2016-06-13","0","0.0000","0.0650","0","89.1900","-1718.3609","0","0","278.4100","-164.3200","89.1900","-1439.9509","-164.3200","89.1900","0","","28191@XHKG"
"HTISEC - EDD","28179 HK Equity","494 HK Equity","3.7600","5.20","1.0","23/11/2016","EDD Warrant Trading","Listed Warrant","C","HKD","S","2016-06-13","-586000","0.1032","0.0139","-8159.7532","56787.7580","44129.6970","52308.2468","52308.2468","-3.8800","-630.4100","-2833.0600","44125.8170","51677.8368","49475.1868","0","","28179@XHKG"
"HTISEC - EDD","28192 HK Equity","1800 HK Equity","8.5800","10.88","0.1","28/9/2017","EDD Warrant Trading","Listed Warrant","C","HKD","L","2016-06-13","0","0.0000","0.0501","0","545.9200","0","0","0","0","189.0500","545.9200","0","189.0500","545.9200","0","","28192@XHKG"
"HTISEC - EDD","275 HK Equity","275 HK Equity","0.3650","0","0","","EDD Warrant Trading","Equity","","HKD","L","2016-06-13","0","0.0000","0.3650","0","-115.0300","0","0","0","0","0","-115.0300","0","0","-115.0300","0","","275@XHKG"
"HTISEC - EDD","2899 HK Equity","2899 HK Equity","2.3000","0","0","","EDD Warrant Trading","Equity","","HKD","L","2016-06-13","0","0.0000","2.3000","0","-1525.8300","0","0","0","0","0","-1525.8300","0","0","-1525.8300","0","","2899@XHKG"
"HTISEC - EDD","2020 HK Equity","2020 HK Equity","15.1000","0","0","","EDD Warrant Trading","Equity","","HKD","L","2016-06-13","4000","15.6700","15.1000","60400.0000","-17185.9700","-1400.0000","-4160.0000","-2280.0000","-2582.1600","-8432.0100","-14905.9700","-3982.1600","-12592.0100","-17185.9700","0","","2020@XHKG"
"HTISEC - EDD","1363 HK Equity","1363 HK Equity","2.0800","0","0","","EDD Warrant Trading","Equity","","HKD","L","2016-06-13","6000","2.0100","2.0800","12529.8600","-733.5900","-240.0000","-120.0000","420.0000","0","49.8600","-1153.5900","-240.0000","-70.1400","-733.5900","49.8600","","1363@XHKG"
"HTISEC - EDD","27811 HK Equity","941 HK Equity","87.3000","75.88","0.1","31/10/2016","EDD Warrant Trading","Listed Warrant","P","HKD","S","2016-06-13","-70000","0.2220","0.1543","-10798.2520","-19990.5809","-11085.0672","4741.7480","4741.7480","-10437.4400","-6902.0400","-31044.0600","-21522.5072","-2160.2920","-26302.3120","0","","27811@XHKG"
"HTISEC - EDD","27806 HK Equity","2823 HK Equity","9.5500","12.00","1.0","8/11/2016","EDD Warrant Trading","Listed Warrant","C","HKD","L","2016-06-13","0","0.0000","0.1019","0","-4478.9600","0","0","0","-183.1700","-4482.9600","-4478.9600","-183.1700","-4482.9600","-4478.9600","0","","27806@XHKG"
"HTISEC - EDD","27807 HK Equity","2823 HK Equity","9.5500","8.87","0.1","27/12/2017","EDD Warrant Trading","Listed Warrant","P","HKD","S","2016-06-13","-40000","0.1690","0.0934","-3736.7571","4790.0046","-816.9883","-543.9445","3021.2429","37.9400","101.8600","466.0300","-779.0483","-442.0845","3487.2729","0","","27807@XHKG"
"HTISEC - EDD","27802 HK Equity","2020 HK Equity","15.1000","24.88","0.1","8/12/2016","EDD Warrant Trading","Listed Warrant","C","HKD","S","2016-06-13","-507000","0.0723","0.0106","-5369.4839","60705.8551","-7300.4017","-16232.3900","31302.5161","11619.1400","20733.5800","24039.5200","4318.7383","4501.1900","55342.0361","0","","27802@XHKG"
"HTISEC - EDD","27805 HK Equity","2318 HK Equity","34.1000","42.00","0.1","22/12/2016","EDD Warrant Trading","Listed Warrant","C","HKD","L","2016-06-13","0","0.0000","0.0646","0","-966.7300","-656.5032","0","0","455.9000","-2489.8500","-966.7300","-200.6032","-2489.8500","-966.7300","0","","27805@XHKG"
"HTISEC - EDD","27800 HK Equity","883 HK Equity","9.3900","6.68","1.0","18/11/2016","EDD Warrant Trading","Listed Warrant","P","HKD","S","2016-06-13","-21000","0.2190","0.1457","-3060.6755","-829.4582","1465.0412","1438.0573","1538.3245","-2681.2500","-1360.9100","-5396.1800","-1216.2088","77.1473","-3857.8555","0","","27800@XHKG"
"HTISEC - EDD","3383 HK Equity","3383 HK Equity","3.8000","0","0","","EDD Warrant Trading","Equity","","HKD","L","2016-06-13","0","0.0000","3.8000","0","-9118.4100","0","0","0","0","-1574.3900","-9118.4100","0","-1574.3900","-9118.4100","0","","3383@XHKG"
"HTISEC - EDD","175 HK Equity","175 HK Equity","4.1700","0","0","","EDD Warrant Trading","Equity","","HKD","L","2016-06-13","65000","4.1631","4.1700","272570.0000","-9397.8700","10550.0000","-3550.0000","450.0000","-9714.0500","-2402.1500","-9847.8700","835.9500","-5952.1500","-9397.8700","1520.0000","","175@XHKG"
"HTISEC - EDD","27711 HK Equity","2899 HK Equity","2.3000","2.88","1.0","15/11/2016","EDD Warrant Trading","Listed Warrant","C","HKD","L","2016-06-13","0","0.0000","0.0718","0","-22.8300","0","0","0","0","0","-22.8300","0","0","-22.8300","0","","27711@XHKG"
"HTISEC - EDD","27714 HK Equity","175 HK Equity","4.1700","4.68","1.0","28/11/2016","EDD Warrant Trading","Listed Warrant","C","HKD","S","2016-06-13","-140000","0.4768","0.3170","-44383.2045","75708.0526","-14676.8674","15355.2154","22366.7955","7545.0100","5348.3200","18098.7800","-7131.8574","20703.5354","40465.5755","0","","27714@XHKG"
"HTISEC - EDD","27712 HK Equity","3383 HK Equity","3.8000","5.52","0.001","30/3/2017","EDD Warrant Trading","Listed Warrant","C","HKD","L","2016-06-13","0","0.0000","0.1351","0","6465.4600","0","0","0","0","1007.6900","6465.4600","0","1007.6900","6465.4600","0","","27712@XHKG"
"HTISEC - EDD","27710 HK Equity","388 HK Equity","183.4000","220.20","0.01","27/2/2017","EDD Warrant Trading","Listed Warrant","C","HKD","L","2016-06-13","0","0.0000","0.0577","0","-10076.1700","0","0","0","-3049.8200","-2189.7900","-10076.1700","-3049.8200","-2189.7900","-10076.1700","0","","27710@XHKG"
"HTISEC - EDD","493 HK Equity","493 HK Equity","0.8900","0","0","","EDD Warrant Trading","Equity","","HKD","L","2016-06-13","3652000","0.9214","0.8900","3250280.0000","-120793.3900","-107850.0000","-132980.0000","-114670.0000","-54.9100","900.4900","-6123.3900","-107904.9100","-132079.5100","-120793.3900","0","","493@XHKG"
"HTISEC - EDD","27589 HK Equity","493 HK Equity","0.8900","1.28","1.0","31/5/2017","EDD Warrant Trading","Listed Warrant","C","HKD","S","2016-06-13","-8039000","0.1606","0.0901","-724080.6451","1281681.8092","98512.1528","444393.0359","566795.3549","-1.4600","9145.9800","11735.6800","98510.6928","453539.0159","578531.0349","0","","27589@XHKG"
"HTISEC - EDD","762 HK Equity","762 HK Equity","8.2500","0","0","","EDD Warrant Trading","Equity","","HKD","L","2016-06-13","0","0.0000","8.2500","0","-9213.8400","0","0","0","0","179.5500","-9213.8400","0","179.5500","-9213.8400","404.6400","","762@XHKG"
"HTISEC - EDD","27588 HK Equity","5 HK Equity","47.9000","53.50","0.1","30/9/2016","EDD Warrant Trading","Listed Warrant","C","HKD","S","2016-06-13","-1260000","0.0904","0.0763","-96153.9929","139228.5087","12722.0667","17702.0071","17702.0071","7469.9200","28302.4800","81360.5000","20191.9867","46004.4871","99062.5071","0","","27588@XHKG"
"HTISEC - EDD","27591 HK Equity","762 HK Equity","8.2500","10.02","0.1","29/11/2017","EDD Warrant Trading","Listed Warrant","C","HKD","L","2016-06-13","0","0.0000","0.0484","0","7684.0100","0","0","0","114.4700","-1704.2600","7684.0100","114.4700","-1704.2600","7684.0100","0","","27591@XHKG"
"HTISEC - EDD","3818 HK Equity","3818 HK Equity","1.3800","0","0","","EDD Warrant Trading","Equity","","HKD","L","2016-06-13","0","0.0000","1.3800","0","-4479.1200","0","0","0","0","109.9300","-4479.1200","0","109.9300","-4479.1200","602.0000","","3818@XHKG"
"HTISEC - EDD","658 HK Equity","658 HK Equity","5.5300","0","0","","EDD Warrant Trading","Equity","","HKD","L","2016-06-13","1000","5.6400","5.5300","5530.0000","-3676.9200","300.0000","-80.0000","-110.0000","-196.4300","-578.2100","-3566.9200","103.5700","-658.2100","-3676.9200","0","","658@XHKG"
"HTISEC - EDD","729 HK Equity","729 HK Equity","0.4350","0","0","","EDD Warrant Trading","Equity","","HKD","L","2016-06-13","55000","0.4536","0.4350","23925.0000","-1649.2300","-1100.0000","-550.0000","-1025.0000","0","0","-624.2300","-1100.0000","-550.0000","-1649.2300","0","","729@XHKG"
"HTISEC - EDD","2357 HK Equity","2357 HK Equity","5.2200","0","0","","EDD Warrant Trading","Equity","","HKD","L","2016-06-13","51000","5.3357","5.2200","266220.0000","-11894.6300","-4590.0000","-12240.0000","-5900.0000","0","0","-5994.6300","-4590.0000","-12240.0000","-11894.6300","0","","2357@XHKG"
"HTISEC - EDD","670 HK Equity","670 HK Equity","4.1100","0","0","","EDD Warrant Trading","Equity","","HKD","L","2016-06-13","44000","4.2291","4.1100","180840.0000","-6364.3000","-5240.0000","-4680.0000","-5240.0000","-436.5400","-1221.1700","-1124.3000","-5676.5400","-5901.1700","-6364.3000","0","","670@XHKG"
"HTISEC - EDD","390 HK Equity","390 HK Equity","5.5800","0","0","","EDD Warrant Trading","Equity","","HKD","L","2016-06-13","0","0.0000","5.5800","0","-53507.5300","0","0","0","0","0","-53507.5300","0","0","-53507.5300","0","","390@XHKG"
"HTISEC - EDD","2208 HK Equity","2208 HK Equity","10.5400","0","0","","EDD Warrant Trading","Equity","","HKD","L","2016-06-13","10400","10.8238","10.5400","109616.0000","-7610.6600","-848.0000","-2592.0000","-2952.0000","-2567.2500","-13236.0600","-4658.6600","-3415.2500","-15828.0600","-7610.6600","0","","2208@XHKG"
"HTISEC - EDD","2238 HK Equity","2238 HK Equity","9.0600","0","0","","EDD Warrant Trading","Equity","","HKD","L","2016-06-13","0","0.0000","9.0600","0","86691.7700","0","0","0","0","0","86691.7700","0","0","86691.7700","0","","2238@XHKG"
"HTISEC - EDD","1800 HK Equity","1800 HK Equity","8.5800","0","0","","EDD Warrant Trading","Equity","","HKD","L","2016-06-13","5000","8.9920","8.5800","42900.0000","-24191.6100","-1300.0000","-1780.0000","-2060.0000","0","349.2600","-22131.6100","-1300.0000","-1430.7400","-24191.6100","0","","1800@XHKG"
"HTISEC - EDD","2328 HK Equity","2328 HK Equity","13.7200","0","0","","EDD Warrant Trading","Equity","","HKD","L","2016-06-13","0","0.0000","13.7200","0","-491.6300","0","0","0","0","0","-491.6300","0","0","-491.6300","0","","2328@XHKG"
"HTISEC - EDD","2883 HK Equity","2883 HK Equity","6.4600","0","0","","EDD Warrant Trading","Equity","","HKD","L","2016-06-13","0","0.0000","6.4600","0","922.6900","0","0","0","0","0","922.6900","0","0","922.6900","0","","2883@XHKG"
"HTISEC - EDD","27232 HK Equity","2357 HK Equity","5.2200","6.18","0.1","29/9/2017","EDD Warrant Trading","Listed Warrant","C","HKD","S","2016-06-13","-879000","0.2061","0.1161","-102090.9606","169518.0290","4229.9466","14072.8927","79084.0394","0","-292.6400","3379.9800","4229.9466","13780.2527","82464.0194","0","","27232@XHKG"
"HTISEC - EDD","26815 HK Equity","2238 HK Equity","9.0600","8.20","0.1","27/11/2017","EDD Warrant Trading","Listed Warrant","C","HKD","L","2016-06-13","0","0.0000","0.1242","0","-74021.2200","0","0","0","0","0","-74021.2200","0","0","-74021.2200","0","","26815@XHKG"
"HTISEC - EDD","26780 HK Equity","1800 HK Equity","8.5800","9.00","0.1","30/10/2017","EDD Warrant Trading","Listed Warrant","C","HKD","S","2016-06-13","-90000","0.2110","0.1041","-9369.4390","5111.5776","-1435.7512","-894.1802","9620.5610","1955.0500","3002.4800","-8223.6700","519.2988","2108.2998","1396.8910","0","","26780@XHKG"
"HTISEC - EDD","27331 HK Equity","390 HK Equity","5.5800","6.68","1.0","31/10/2016","EDD Warrant Trading","Listed Warrant","C","HKD","L","2016-06-13","0","0.0000","0.1572","0","29178.6400","0","0","0","-1.8400","-216.3900","29178.6400","-1.8400","-216.3900","29178.6400","0","","27331@XHKG"
"HTISEC - EDD","27329 HK Equity","729 HK Equity","0.4350","0.60","1.0","18/10/2018","EDD Warrant Trading","Listed Warrant","C","HKD","S","2016-06-13","-80000","0.2438","0.1177","-9412.2430","23391.3506","927.6639","715.9623","10092.7570","0","0","4826.6400","927.6639","715.9623","14919.3970","0","","27329@XHKG"
"HTISEC - EDD","27330 HK Equity","3818 HK Equity","1.3800","2.00","1.0","30/3/2017","EDD Warrant Trading","Listed Warrant","C","HKD","L","2016-06-13","0","0.0000","0.0266","0","4926.9000","0","0","0","58.2200","-42.5600","4926.9000","58.2200","-42.5600","4926.9000","0","","27330@XHKG"
"HTISEC - EDD","27333 HK Equity","670 HK Equity","4.1100","5.89","0.1","25/4/2018","EDD Warrant Trading","Listed Warrant","C","HKD","S","2016-06-13","-800000","0.1104","0.0668","-53417.4519","88878.4594","4224.5782","32620.6512","34902.5481","479.0400","586.9900","5234.3900","4703.6182","33207.6412","40136.9381","0","","27333@XHKG"
"HTISEC - EDD","27328 HK Equity","5 HK Equity","47.9000","48.90","0.1","29/9/2016","EDD Warrant Trading","Listed Warrant","C","HKD","S","2016-06-13","-232000","0.2259","0.2036","-47243.7422","142528.7585","-3335.2449","-2670.6577","5156.2578","14716.6600","24198.5700","127892.7200","11381.4151","21527.9123","133048.9778","0","","27328@XHKG"
"HTISEC - EDD","883 HK Equity","883 HK Equity","9.3900","0","0","","EDD Warrant Trading","Equity","","HKD","L","2016-06-13","40000","9.4020","9.3900","375375.0000","-58463.3400","480.0000","-620.0000","-480.0000","-3709.4000","2141.6000","-57983.3400","-3229.4000","1521.6000","-58463.3400","-225.0000","","883@XHKG"
"HTISEC - EDD","941 HK Equity","941 HK Equity","87.3000","0","0","","EDD Warrant Trading","Equity","","HKD","S","2016-06-13","-8000","87.3000","87.3000","-705396.6000","-37846.1500","-13850.0000","875.0000","0","31198.2400","-18165.2100","-37846.1500","17348.2400","-17290.2100","-37846.1500","-6996.6000","","941@XHKG"
"HTISEC - EDD","1088 HK Equity","1088 HK Equity","12.5200","0","0","","EDD Warrant Trading","Equity","","HKD","L","2016-06-13","26000","12.4985","12.5200","325520.0000","-34351.4800","-8160.0000","6020.0000","560.0000","-867.5100","-3754.8100","-34911.4800","-9027.5100","2265.1900","-34351.4800","0","","1088@XHKG"
"HTISEC - EDD","26819 HK Equity","857 HK Equity","5.4100","6.68","1.0","30/9/2016","EDD Warrant Trading","Listed Warrant","C","HKD","S","2016-06-13","-10000","0.2320","0.0507","-506.6407","30767.6920","330.8556","92.8071","1813.3593","0","0","28513.0300","330.8556","92.8071","30326.3893","0","","26819@XHKG"
"HTISEC - EDD","27136 HK Equity","658 HK Equity","5.5300","6.88","0.1","18/1/2018","EDD Warrant Trading","Listed Warrant","C","HKD","S","2016-06-13","-20000","0.1830","0.0346","-691.6042","-4401.0203","-3165.9629","-184.4260","2968.3958","259.7200","-963.6200","-7728.3600","-2906.2429","-1148.0460","-4759.9642","0","","27136@XHKG"
"HTISEC - EDD","3988 HK Equity","3988 HK Equity","3.1900","0","0","","EDD Warrant Trading","Equity","","HKD","L","2016-06-13","48000","3.2304","3.1900","153120.0000","-374.8400","-3360.0000","-4170.0000","-1940.0000","0","6375.5700","1565.1600","-3360.0000","2205.5700","-374.8400","0","","3988@XHKG"
"HTISEC - EDD","700 HK Equity","700 HK Equity","169.5000","0","0","","EDD Warrant Trading","Equity","","HKD","L","2016-06-13","20800","173.5548","169.5000","3525600.0000","-22442.9400","-109090.0000","-135230.0000","-84340.0000","-16562.8700","25926.0000","61897.0600","-125652.8700","-109304.0000","-22442.9400","25333.0000","","700@XHKG"
"HTISEC - EDD","857 HK Equity","857 HK Equity","5.4100","0","0","","EDD Warrant Trading","Equity","","HKD","L","2016-06-13","2000","5.7100","5.4100","13475.0000","-69165.7800","-500.0000","-580.0000","-600.0000","0","18307.6500","-68565.7800","-500.0000","17727.6500","-69165.7800","2655.0000","","857@XHKG"
"HTISEC - EDD","1398 HK Equity","1398 HK Equity","4.1100","0","0","","EDD Warrant Trading","Equity","","HKD","L","2016-06-13","26000","4.2500","4.1100","106860.0000","-53889.6800","-2060.0000","-3690.0000","-3640.0000","-1153.7900","-1305.5900","-50249.6800","-3213.7900","-4995.5900","-53889.6800","0","","1398@XHKG"
"HTISEC - EDD","2628 HK Equity","2628 HK Equity","16.6000","0","0","","EDD Warrant Trading","Equity","","HKD","L","2016-06-13","15000","16.9773","16.6000","262872.9960","-360686.3140","-1400.0000","-1600.0000","-5660.0000","-4755.2900","-2697.9740","-355026.3140","-6155.2900","-4297.9740","-360686.3140","13872.9960","","2628@XHKG"
"HTISEC - EDD","386 HK Equity","386 HK Equity","5.3800","0","0","","EDD Warrant Trading","Equity","","HKD","L","2016-06-13","0","0.0000","5.3800","0","-44465.9500","0","80.0000","0","0","1990.8500","-44465.9500","0","2070.8500","-44465.9500","0","","386@XHKG"
"HTISEC - EDD","388 HK Equity","388 HK Equity","183.4000","0","0","","EDD Warrant Trading","Equity","","HKD","L","2016-06-13","116966","183.7789","183.4000","21451564.4000","-637084.4200","-363821.0000","-395379.7300","-44319.7300","-2349.7600","125976.8800","-592764.6900","-366170.7600","-269402.8500","-637084.4200","0","","388@XHKG"
"HTISEC - EDD","1299 HK Equity","1299 HK Equity","44.9500","0","0","","EDD Warrant Trading","Equity","","HKD","L","2016-06-13","18400","46.1842","44.9500","827080.0000","-20728.0100","-26470.0000","-46390.0000","-22710.0000","-10019.2600","22671.3900","1981.9900","-36489.2600","-23718.6100","-20728.0100","816.0000","","1299@XHKG"
"HTISEC - EDD","688 HK Equity","688 HK Equity","23.6500","0","0","","EDD Warrant Trading","Equity","","HKD","L","2016-06-13","0","0.0000","23.6500","0","-88965.9800","1100.0000","1300.0000","0","-1750.6200","18679.9100","-88965.9800","-650.6200","19979.9100","-88965.9800","22960.0000","","688@XHKG"
"HTISEC - EDD","27 HK Equity","27 HK Equity","24.0000","0","0","","EDD Warrant Trading","Equity","","HKD","L","2016-06-13","0","0.0000","24.0000","0","-59298.1600","0","0","0","0","-645.4500","-59298.1600","0","-645.4500","-59298.1600","21300.0000","","27@XHKG"
"HTISEC - EDD","6837 HK Equity","6837 HK Equity","12.4400","0","0","","EDD Warrant Trading","Equity","","HKD","L","2016-06-13","83600","12.8589","12.4400","1039984.0000","-199843.9800","944.0000","-21736.0000","-35016.0000","-51469.3600","-29571.1500","-164827.9800","-50525.3600","-51307.1500","-199843.9800","0","","6837@XHKG"
"HTISEC - EDD","2318 HK Equity","2318 HK Equity","34.1000","0","0","","EDD Warrant Trading","Equity","","HKD","L","2016-06-13","72000","34.5903","34.1000","2455200.0000","-1050829.2300","-59300.0000","-88650.0000","-35300.0000","-3148.9200","57504.4000","-1015529.2300","-62448.9200","-31145.6000","-1050829.2300","0","","2318@XHKG"
"HTISEC - EDD","5 HK Equity","5 HK Equity","47.9000","0","0","","EDD Warrant Trading","Equity","","HKD","L","2016-06-13","287600","50.5125","47.9000","14191836.9920","-749847.5280","-458980.0000","-1892700.0000","-751360.0000","-86457.5340","434327.5980","1512.4720","-545437.5340","-1458372.4020","-749847.5280","415796.9920","","5@XHKG"
"HTISEC - EDD","26899 HK Equity","27 HK Equity","24.0000","31.88","0.1","30/8/2016","EDD Warrant Trading","Listed Warrant","C","HKD","S","2016-06-13","-10000","0.0260","0.0140","-139.5781","-85595.2013","-507.1893","-683.1677","120.4219","449.5600","-1011.1000","-85854.5000","-57.6293","-1694.2677","-85734.0781","0","","26899@XHKG"
"HTISEC - EDD","27134 HK Equity","386 HK Equity","5.3800","5.69","1.0","26/9/2016","EDD Warrant Trading","Listed Warrant","C","HKD","L","2016-06-13","0","0.0000","0.2007","0","-51077.7700","0","0","0","215.1300","3166.0200","-51077.7700","215.1300","3166.0200","-51077.7700","0","","27134@XHKG"
"HTISEC - EDD","27225 HK Equity","857 HK Equity","5.4100","5.68","1.0","18/10/2016","EDD Warrant Trading","Listed Warrant","C","HKD","L","2016-06-13","0","0.0000","0.2885","0","-31158.0300","0","-1956.5910","0","249.5300","-20039.8000","-31158.0300","249.5300","-21996.3910","-31158.0300","0","","27225@XHKG"
"HTISEC - EDD","27197 HK Equity","1363 HK Equity","2.0800","2.88","1.0","18/1/2017","EDD Warrant Trading","Listed Warrant","C","HKD","S","2016-06-13","-12000","0.2480","0.3081","-3697.7496","-7209.2396","408.3473","970.7201","-721.7496","0","0","-10156.3800","408.3473","970.7201","-10878.1296","0","","27197@XHKG"
"HTISEC - EDD","26778 HK Equity","883 HK Equity","9.3900","10.88","0.1","28/5/2018","EDD Warrant Trading","Listed Warrant","C","HKD","S","2016-06-13","-930000","0.1310","0.0823","-76578.3271","38846.0684","35066.4740","29717.2724","45251.6729","1998.3100","-6509.8700","-33408.7600","37064.7840","23207.4024","11842.9129","0","","26778@XHKG"
"HTISEC - EDD","26886 HK Equity","2822 HK Equity","10.6600","12.18","0.1","28/9/2018","EDD Warrant Trading","Listed Warrant","C","HKD","L","2016-06-13","0","0.0000","0.0782","0","-47154.2700","0","0","0","-10.7600","-5402.1300","-47154.2700","-10.7600","-5402.1300","-47154.2700","0","","26886@XHKG"
"HTISEC - EDD","26905 HK Equity","1299 HK Equity","44.9500","35.85","0.1","28/10/2016","EDD Warrant Trading","Listed Warrant","P","HKD","L","2016-06-13","0","0.0000","0.0478","0","-3396.8600","0","0","0","0","0","-3396.8600","0","0","-3396.8600","0","","26905@XHKG"
"HTISEC - EDD","26641 HK Equity","388 HK Equity","183.4000","178.00","0.01","30/9/2016","EDD Warrant Trading","Listed Warrant","C","HKD","S","2016-06-13","-13360000","0.1705","0.1125","-1502505.8837","165683.3841","32691.4870","415896.3974","775764.1163","152117.3100","-202646.9500","-665376.2500","184808.7970","213249.4474","110387.8663","0","","26641@XHKG"
"HTISEC - EDD","27193 HK Equity","27 HK Equity","24.0000","40.00","0.1","28/11/2016","EDD Warrant Trading","Listed Warrant","C","HKD","L","2016-06-13","0","0.0000","0.0080","0","-16403.6200","0","0","0","0","0","-16403.6200","0","0","-16403.6200","0","","27193@XHKG"
"HTISEC - EDD","27137 HK Equity","700 HK Equity","169.5000","173.00","0.01","3/4/2017","EDD Warrant Trading","Listed Warrant","C","HKD","S","2016-06-13","-10000","0.1680","0.1374","-1374.4284","-93402.4726","-25.3485","-4289.1779","305.5716","932.5200","1976.3600","-94026.9700","907.1715","-2312.8179","-93721.3984","0","","27137@XHKG"
"HTISEC - EDD","26903 HK Equity","688 HK Equity","23.6500","28.93","0.1","7/11/2016","EDD Warrant Trading","Listed Warrant","C","HKD","L","2016-06-13","0","0.0000","0.0550","0","-65496.5000","0","-48108.6372","0","0","-26165.8200","-65496.5000","0","-74274.4572","-65496.5000","0","","26903@XHKG"
"HTISEC - EDD","26775 HK Equity","700 HK Equity","169.5000","160.00","0.01","30/12/2016","EDD Warrant Trading","Listed Warrant","C","HKD","S","2016-06-13","-3300000","0.2018","0.1785","-589097.6438","111771.3683","-7722.5215","9548.8421","76692.3562","133641.5400","77756.0600","-53206.1500","125919.0185","87304.9021","23486.2062","0","","26775@XHKG"
"HTISEC - EDD","27234 HK Equity","2628 HK Equity","16.6000","19.82","0.1","21/12/2016","EDD Warrant Trading","Listed Warrant","C","HKD","S","2016-06-13","-500000","0.0690","0.0459","-22940.9730","189051.0258","-7721.3286","-23547.2914","11559.0270","11689.6100","7404.1900","161460.0300","3968.2814","-16143.1014","173019.0570","0","","27234@XHKG"
"HTISEC - EDD","26818 HK Equity","3988 HK Equity","3.1900","3.08","1.0","29/8/2016","EDD Warrant Trading","Listed Warrant","C","HKD","S","2016-06-13","-90000","0.1764","0.0834","-7508.2952","-57175.3298","2476.6287","3186.9672","8367.7048","0","-6861.9200","-57082.9900","2476.6287","-3674.9528","-48715.2852","0","","26818@XHKG"
"HTISEC - EDD","26885 HK Equity","2822 HK Equity","10.6600","10.90","0.1","28/11/2016","EDD Warrant Trading","Listed Warrant","C","HKD","S","2016-06-13","-530000","0.0777","0.0655","-34737.4551","-18865.5231","6001.4740","5513.7133","6432.5449","-2559.1900","-6237.3000","-35168.1600","3442.2840","-723.5867","-28735.6151","0","","26885@XHKG"
"HTISEC - EDD","26813 HK Equity","1398 HK Equity","4.1100","4.35","1.0","30/9/2016","EDD Warrant Trading","Listed Warrant","C","HKD","S","2016-06-13","-30000","0.1150","0.0323","-967.5522","-7906.9461","270.5352","1434.3392","2482.4478","0","-1166.8300","-8720.4600","270.5352","267.5092","-6238.0122","0","","26813@XHKG"
"HTISEC - EDD","27200 HK Equity","6837 HK Equity","12.4400","16.18","0.1","27/1/2017","EDD Warrant Trading","Listed Warrant","C","HKD","S","2016-06-13","-32000","0.0930","0.0346","-1106.6743","344.4606","-412.9145","-567.0499","1869.3257","786.2200","927.0600","-2489.8700","373.3055","360.0101","-620.5443","0","","27200@XHKG"
"HTISEC - EDD","26643 HK Equity","6837 HK Equity","12.4400","13.88","0.1","30/9/2016","EDD Warrant Trading","Listed Warrant","C","HKD","S","2016-06-13","-2636000","0.0654","0.0570","-150124.3875","325455.3973","-38201.6751","-17782.9229","22395.6125","69614.3900","76239.9200","183897.3400","31412.7149","58456.9971","206292.9525","0","","26643@XHKG"
"HTISEC - EDD","27230 HK Equity","700 HK Equity","169.5000","149.90","0.01","24/1/2017","EDD Warrant Trading","Listed Warrant","P","HKD","S","2016-06-13","-910000","0.0768","0.0524","-47707.9796","11372.1845","1327.3547","10692.2555","22222.0204","-18816.0900","-9159.1500","-30525.8400","-17488.7353","1533.1055","-8303.8196","0","","27230@XHKG"
"HTISEC - EDD","26902 HK Equity","388 HK Equity","183.4000","188.00","0.01","28/12/2016","EDD Warrant Trading","Listed Warrant","C","HKD","S","2016-06-13","-2510000","0.1387","0.1134","-284596.0827","170793.0181","55076.1052","42585.5065","63593.9173","7186.8500","-2888.8700","41710.6700","62262.9552","39696.6365","105304.5873","0","","26902@XHKG"
"HTISEC - EDD","26774 HK Equity","5 HK Equity","47.9000","52.00","0.1","30/8/2016","EDD Warrant Trading","Listed Warrant","C","HKD","S","2016-06-13","-11772000","0.1133","0.0772","-908952.7428","304621.8453","380801.5610","2042455.2572","425311.2572","5502.4200","-527217.2200","-482040.9500","386303.9810","1515238.0372","-56729.6928","0","","26774@XHKG"
"HTISEC - EDD","26814 HK Equity","2318 HK Equity","34.1000","38.50","0.1","29/9/2016","EDD Warrant Trading","Listed Warrant","C","HKD","S","2016-06-13","-5070000","0.0769","0.0638","-323690.6785","1628247.3169","107837.3049","127849.5800","66254.3215","1240.6500","-18253.3400","1369174.1600","109077.9549","109596.2400","1435428.4815","0","","26814@XHKG"
"HTISEC - EDD","27231 HK Equity","2208 HK Equity","10.5400","13.88","0.1","31/3/2017","EDD Warrant Trading","Listed Warrant","C","HKD","S","2016-06-13","-216000","0.2308","0.1139","-24593.2820","60231.8530","2061.8462","17612.8621","25266.7180","0","8038.2600","11601.7300","2061.8462","25651.1221","36868.4480","0","","27231@XHKG"
"HTISEC - EDD","26890 HK Equity","2822 HK Equity","10.6600","11.60","0.1","1/2/2017","EDD Warrant Trading","Listed Warrant","P","HKD","S","2016-06-13","-922000","0.1938","0.1616","-149018.4891","47423.9378","-14633.1899","-34961.4436","29619.5109","0","1824.8100","-13747.6700","-14633.1899","-33136.6336","15871.8409","0","","26890@XHKG"
"HTISEC - EDD","26779 HK Equity","941 HK Equity","87.3000","93.88","0.1","4/7/2016","EDD Warrant Trading","Listed Warrant","C","HKD","S","2016-06-13","-360000","0.0860","0.0108","-3881.4356","-203433.4463","6826.8192","30693.0729","27078.5644","0","-36440.8700","-230428.1900","6826.8192","-5747.7971","-203349.6256","0","","26779@XHKG"
"HTISEC - EDD","27201 HK Equity","1088 HK Equity","12.5200","13.98","0.1","29/12/2016","EDD Warrant Trading","Listed Warrant","C","HKD","S","2016-06-13","-695000","0.0879","0.0582","-40482.5481","31977.8322","1311.5774","-9918.1400","20602.4519","9661.2300","1249.7900","-11332.2500","10972.8074","-8668.3500","9270.2019","0","","27201@XHKG"
"HTISEC - EDD","27194 HK Equity","941 HK Equity","87.3000","104.88","0.1","29/12/2016","EDD Warrant Trading","Listed Warrant","C","HKD","L","2016-06-13","0","0.0000","0.0858","0","-20020.5900","0","0","0","3623.6400","-11948.8100","-20020.5900","3623.6400","-11948.8100","-20020.5900","0","","27194@XHKG"
"HTISEC - EDD","26904 HK Equity","1299 HK Equity","44.9500","46.88","0.1","30/9/2016","EDD Warrant Trading","Listed Warrant","C","HKD","S","2016-06-13","-480000","0.2392","0.1416","-67948.0527","-220848.9756","25937.2730","35156.4455","46861.9473","6739.4100","-21717.5900","-279329.9100","32676.6830","13438.8555","-232467.9627","0","","26904@XHKG"
"HTISEC - EDD","2823 HK Equity","2823 HK Equity","9.5500","0","0","","EDD Market Making 2","ETF","","HKD","S","2016-06-13","-1500","9.5600","9.5500","-14325.0000","606.0000","-240.0000","765.0000","15.0000","-270.0000","21.0000","591.0000","-510.0000","786.0000","606.0000","0","","2823@XHKG"
"HTISEC - EDD","2822 HK Equity","2822 HK Equity","10.6600","0","0","","EDD Market Making 2","ETF","","HKD","L","2016-06-13","55800","10.9342","10.6600","594828.0000","-15244.7700","-9416.0000","-19016.0000","-15300.0000","-2100.0000","-4992.0000","55.2300","-11516.0000","-24008.0000","-15244.7700","0","","2822@XHKG"
"HTISEC - EDD","2822 HK Equity","2822 HK Equity","10.6600","0","0","","EDD Market Making 1","ETF","","HKD","L","2016-06-13","10000","11.3600","10.6600","106600.0000","-7000.0000","-2200.0000","-5200.0000","-7000.0000","0","0","0","-2200.0000","-5200.0000","-7000.0000","0","","2822@XHKG"
"HTISEC - EDD","3188 HK Equity","3188 HK Equity","36.4000","0","0","","EDD Market Making 1","ETF","","HKD","L","2016-06-13","5000","37.0500","36.4000","182000.0000","-3264.2600","-6000.0000","-9750.0000","-3250.0000","0","0","-14.2600","-6000.0000","-9750.0000","-3264.2600","0","","3188@XHKG"
"HTISEC - EDD","2800 HK Equity","2800 HK Equity","21.7500","0","0","","EDD Market Making 1","ETF","","HKD","L","2016-06-13","0","0.0000","21.7500","0","-3.0000","0","0","0","0","0","-3.0000","0","0","-3.0000","0","","2800@XHKG"
